input,output
20107,30105
20119,30114
20120,30117
20213,30111
20215,30112
20219,30116
20225,30123
20310,30108
20416,30118
20506,30104
20511,30110
20516,30115
20602,30102
20627,30106
20717,30119
20723,30124
20724,30126
20726,30127
20816,30109
20821,30113
20921,30120
20925,30122
21001,30101
21007,30103
21011,30107
21023,30121
21026,30125
20103,30205
20111,30210
20124,30224
20204,30207
20301,30201
20303,30203
20317,30218
20323,30227
20407,30209
20412,30217
20429,30225
20520,30222
20523,30226
20610,30212
20613,30216
20701,30206
20703,30208
20716,30219
20819,30215
20824,30220
20825,30221
20910,30211
20911,30213
20913,30214
20923,30223
20315,30214
21006,30204
20106,30306
20202,30302
20205,30303
20216,30312
20307,30304
20320,30320
20322,30321
20405,30309
20417,30318
20423,30326
20426,30327
20504,30305
20616,30314
20623,30325
20707,30310
20715,30315
20803,30301
20818,30311
20903,30307
20916,30316
20918,30317
20924,30319
20926,30324
21009,30308
21018,30313
21024,30322
21025,30323
20101,30401
20110,30407
20113,30410
20117,30414
20125,30420
20218,30417
20324,30425
20327,30426
20406,30408
20420,30422
20422,30423
20503,30402
20510,30409
20514,30413
20517,30418
20524,30424
20612,30411
20615,30412
20621,30419
20712,30415
20722,30421
20813,30406
20822,30416
20902,30403
21010,30404
21012,30405
20211,30512
20228,30505
20302,30502
20309,30508
20312,30513
20421,30525
20509,30509
20519,30520
20522,30523
20601,30501
20609,30507
20614,30514
20618,30517
20622,30524
20626,30527
20628,30519
207'08,30506
20714,30516
20815,30510
20823,30518
20907,30511
20920,30522
20927,30526
21004,30503
21005,30504
21019,30515
21022,30521
20112,30609
20126,30626
20212,30610
20217,30615
20224,30624
20226,30625
20311,30611
20319,30622
20321,30623
20328,30603
20410,30614
20413,30617
20414,30619
20415,30620
20428,30616
20508,30606
20513,30613
20521,30621
20606,30604
20709,30608
20711,30612
20728,30627
20805,30601
20901,30602
20904,30605
20917,30618
21014,30607
20102,30701
20109,30706
20127,30707
20210,30708
20220,30720
20222,30722
20227,30710
21003,30202
20316,30719
20318,30724
20418,30723
20515,30716
20617,30717
20624,30725
20704,30704
20705,30705
20713,30715
20727,30727
20806,30702
20807,30703
20814,30709
20820,30713
20914,30718
20919,30721
21016,30711
21017,30712
21027,30726
20105,30808
20114,30818
20206,30809
20208,30811
20214,30819
20221,30824
20306,30810
20326,30827
20403,30802
20408,30815
20409,30820
20411,30822
20502,30803
20505,30812
20518,30823
20525,30826
20604,30804
20605,30806
20608,30813
20611,30821
20702,30807
20725,30825
20802,30801
20808,30805
20817,30816
20905,30814
20928,30817
20104,30907
20108,30912
20115,30921
20116,30923
20118,30924
20121,30925
20203,30905
20207,30909
20305,30908
20313,30922
20404,30904
20425,30927
20501,30901
20512,30919
20603,30903
20607,30914
20706,30913
20710,30918
20721,30926
20804,30902
20809,30906
20812,30911
20908,30916
20909,30917
20912,30920
21008,30910
21013,30915
20122,31022
20123,31023
20201,31004
20209,31007
20223,31021
20314,31012
20325,31027
20402,31002
20419,31020
20424,31024
20507,31009
20526,31026
20527,31008
20619,31015
20718,31016
20719,31017
20720,31018
20801,31001
20810,31005
20811,31006
20826,31025
20906,31011
20922,31019
21002,31003
21015,31010
21020,31013
21021,31014
10601,20101
10502,20102
10305,20103
11004,20104
10905,20105
10907,20106
10407,20107
10210,20108
10312,20109
10313,20110
10511,20111
10916,20112
11013,20113
10610,20114
10825,20115
10111,20116
10215,20117
10716,20118
10717,20119
10217,20120
10419,20121
11022,20122
11023,20123
10819,20124
10402,20201
10702,20202
11002,20203
21029,20204
10405,20205
10706,20206
10504,20207
11009,20208
10209,20209
10509,20210
10606,20211
11012,20212
10713,20213
10614,20214
10921,20215
10813,20216
10218,20217
10720,20218
10817,20219
10222,20220
10324,20221
10122,20222
10523,20223
10306,20301
11005,20302
10105,20303
10106,20304
10107,20305
10605,20306
10911,20307
10412,20308
10914,20309
10314,20310
10213,20311
10113,20312
10812,20313
10317,20314
10216,20315
10320,20316
10219,20317
10618,20318
10814,20319
10620,20320
11024,20321
11025,20322
10522,20323
10524,20324
10401,20401
10201,20402
10902,20403
10704,20404
11007,20405
10207,20406
10311,20407
10709,20408
11014,20409
10611,20410
11020,20411
10115,20412
10323,20413
10815,20414
10619,20415
10120,20416
10422,20417
10924,20418
10722,20419
10623,20420
10124,20421
10624,20422
10823,20423
10824,20424
10303,20501
10503,20502
11003,20503
10406,20504
10603,20505
10505,20506
10909,20507
10806,20508
10910,20509
10208,20510
10608,20511
10808,20512
10513,20513
10214,20514
10809,20515
10715,20516
11018,20517
10114,20518
10920,20519
10119,20520
10818,20521
10121,20522
10520,20523
10721,20524
10801,20601
10101,20602
10403,20603
10404,20604
10302,20605
10304,20606
11006,20607
11008,20608
10108,20609
10206,20610
10604,20611
10506,20612
10507,20613
10411,20614
10915,20615
10919,20616
10318,20617
10420,20618
10525,20619
10622,20620
10723,20621
10820,20622
10423,20623
10901,20701
10903,20702
10904,20703
10703,20704
10602,20705
10308,20706
10906,20707
10908,20708
10705,20709
10409,20710
10410,20711
10413,20712
10510,20713
10414,20714
10109,20715
10315,20716
11017,20717
10425,20718
10718,20719
10719,20720
10321,20721
10322,20722
10724,20723
10102,20801
10203,20802
10803,20803
10204,20804
11010,20805
10508,20806
10913,20807
10607,20808
10711,20809
10211,20810
10918,20811
10714,20812
10416,20813
11019,20814
10616,20815
10421,20816
10617,20817
10117,20818
10118,20819
10220,20820
10518,20821
10821,20822
10521,20823
10224,20824
10701,20901
10501,20902
10202,20903
11001,20904
10104,20905
10309,20906
10805,20907
10205,20908
10408,20909
10807,20910
10514,20911
10212,20912
10110,20913
11016,20914
10415,20915
10612,20916
10319,20917
10922,20918
10221,20919
10816,20920
10519,20921
10621,20922
10424,20923
10301,21001
10307,21002
10804,21003
10707,21004
10708,21005
10712,21006
11011,21007
10512,21008
10609,21009
10917,21010
11015,21011
10515,21012
10112,21013
10316,21014
10516,21015
10811,21016
10417,21017
10613,21018
10615,21019
10418,21020
11021,21021
10116,21022
10822,21023
10925,21024